{
  "Component-preload.js": 1734342752183,
  "manifest.json": 1734342751827,
  "localData/spots.json": 1734337137606,
  "controller/SpotStatus.controller.ts": 1734340143498,
  "format/util.ts": 1734341342756,
  "model/models.ts": 1734336901135,
  "controller/Main.controller.ts": 1734337788717,
  "controller/App.controller.ts": 1734336901135,
  "Component.ts": 1734336901131,
  "Component.js.map": 1734342752058,
  "format/util.js.map": 1734342752054,
  "model/models.js.map": 1734342752058,
  "controller/Main.controller.js.map": 1734342752101,
  "controller/App.controller.js.map": 1734342752057,
  "controller/SpotStatus.controller.js.map": 1734342752107,
  "Component.js": 1734342751819,
  "format/util.js": 1734342751819,
  "model/models.js": 1734342751819,
  "controller/Main.controller.js": 1734342751819,
  "controller/App.controller.js": 1734342751819,
  "controller/SpotStatus.controller.js": 1734342751819,
  "controller/App-dbg.controller.js": 1734342751819,
  "controller/App-dbg.controller.js.map": 1734342751838,
  "format/util-dbg.js": 1734342751819,
  "format/util-dbg.js.map": 1734342751842,
  "model/models-dbg.js": 1734342751819,
  "model/models-dbg.js.map": 1734342751842,
  "controller/Main-dbg.controller.js": 1734342751819,
  "controller/Main-dbg.controller.js.map": 1734342751843,
  "Component-dbg.js": 1734342751819,
  "Component-dbg.js.map": 1734342751843,
  "controller/SpotStatus-dbg.controller.js": 1734342751819,
  "controller/SpotStatus-dbg.controller.js.map": 1734342751843,
  "i18n/i18n.properties": 1734342312218,
  "Component-preload.js.map": 1734342752183,
  "view/SpotStatus.view.xml": 1734338368668,
  "view/Main.view.xml": 1734337356282,
  "view/App.view.xml": 1734336901139,
  "css/style.css": 1734336901139,
  "index.html": 1734336901127
}