{
    "lanes": [
		{
			"id": "0",
			"icon": "sap-icon://newspaper",
			"label": "New Incident",
			"position": 0
		}, {
			"id": "1",
			"icon": "sap-icon://in-progress",
			"label": "In Process",
			"position": 1
		}, {
			"id": "2",
			"icon": "sap-icon://status-in-process",
			"label": "Resolution",
			"position": 2
		}, {
			"id": "3",
			"icon": "sap-icon://status-completed",
			"label": "Completed",
			"position": 3
		}
    ],

    "nodes": [
        {
			"laneId": "0",
			"nodeId": "0",
			"title": "New Incident",
			"children": ["1"],
			"state": "Positive",
			"stateText": "Success"
		},
		{
			"laneId": "1",
			"nodeId": "1",
			"title": "Support Person Assigned",
			"children": ["3"],
			"state": "Positive",
			"stateText": "Success"
		},
		{
			"laneId": "2",
			"nodeId": "2",
			"title": "Requires attention !",
			"children": [],
			"state": "Negative",
			"stateText": "On-Hold"
		},
		{
			"laneId": "2",
			"nodeId": "3",
			"title": "Solution Proposed",
			"children": ["4"],
			"state": "Positive",
			"stateText": "Success"
		},
		{
			"laneId": "3",
			"nodeId": "4",
			"title": "Incident Completed",
			"children": [],
			"state": "Positive",
			"stateText": "Success"
		}
    ]
}