<core:FragmentDefinition xmlns:core="sap.ui.core" xmlns:m="sap.m" xmlns="sap.suite.ui.commons">
	<MicroProcessFlow id="_IDGenMicroProcessFlow1" renderType="NoWrap" core:require="{ handler: 'ns/incidents/ext/fragment/StatusProcess'}">
        <content>
            <MicroProcessFlowItem id="_IDGenMicroProcessFlowItem1" state="{ parts: [
                {path: 'status_code'}, {value: '1'}
                ], formatter: 'handler.formatStatus' }"/>
            <MicroProcessFlowItem id="_IDGenMicroProcessFlowItem2" state="{ parts: [
                {path: 'status_code'}, {value: '2'}
                ], formatter: 'handler.formatStatus' }"/>
            <MicroProcessFlowItem id="_IDGenMicroProcessFlowItem3" state="{ parts: [
                {path: 'status_code'}, {value: '3'}
                ], formatter: 'handler.formatStatus' }"/>
            <MicroProcessFlowItem id="_IDGenMicroProcessFlowItem4" state="{ parts: [
                {path: 'status_code'}, {value: '4'}
                ], formatter: 'handler.formatStatus' }"/>
        </content>
	</MicroProcessFlow>
</core:FragmentDefinition>